id,name,value,display_order,last_modified_user_id,last_modified_date,created_user_id,created_date
1,"NR",NULL,1,1,"1900-01-01 00:00:00",1,"1900-01-01 00:00:00"
2,"1",1,2,1,"1900-01-01 00:00:00",1,"1900-01-01 00:00:00"
3,"2",2,3,1,"1900-01-01 00:00:00",1,"1900-01-01 00:00:00"
4,"3",3,4,1,"1900-01-01 00:00:00",1,"1900-01-01 00:00:00"
5,"4",4,5,1,"1900-01-01 00:00:00",1,"1900-01-01 00:00:00"
6,"5",5,6,1,"1900-01-01 00:00:00",1,"1900-01-01 00:00:00"
7,"6",6,7,1,"1900-01-01 00:00:00",1,"1900-01-01 00:00:00"
8,"7",7,8,1,"1900-01-01 00:00:00",1,"1900-01-01 00:00:00"
9,"8",8,9,1,"1900-01-01 00:00:00",1,"1900-01-01 00:00:00"
10,"9",9,10,1,"1900-01-01 00:00:00",1,"1900-01-01 00:00:00"
11,"10",10,11,1,"1900-01-01 00:00:00",1,"1900-01-01 00:00:00"
12,"11",11,12,1,"1900-01-01 00:00:00",1,"1900-01-01 00:00:00"
13,"12",12,13,1,"1900-01-01 00:00:00",1,"1900-01-01 00:00:00"
14,"13",13,14,1,"1900-01-01 00:00:00",1,"1900-01-01 00:00:00"
15,"14",14,15,1,"1900-01-01 00:00:00",1,"1900-01-01 00:00:00"
16,"15",15,16,1,"1900-01-01 00:00:00",1,"1900-01-01 00:00:00"
17,"16",16,17,1,"1900-01-01 00:00:00",1,"1900-01-01 00:00:00"
18,"17",17,18,1,"1900-01-01 00:00:00",1,"1900-01-01 00:00:00"
19,"18",18,19,1,"1900-01-01 00:00:00",1,"1900-01-01 00:00:00"
20,"19",19,20,1,"1900-01-01 00:00:00",1,"1900-01-01 00:00:00"
21,"20",20,21,1,"1900-01-01 00:00:00",1,"1900-01-01 00:00:00"
22,"21",21,22,1,"1900-01-01 00:00:00",1,"1900-01-01 00:00:00"
23,"22",22,23,1,"1900-01-01 00:00:00",1,"1900-01-01 00:00:00"
24,"23",23,24,1,"1900-01-01 00:00:00",1,"1900-01-01 00:00:00"
25,"24",24,25,1,"1900-01-01 00:00:00",1,"1900-01-01 00:00:00"
26,"25",25,26,1,"1900-01-01 00:00:00",1,"1900-01-01 00:00:00"
27,"26",26,27,1,"1900-01-01 00:00:00",1,"1900-01-01 00:00:00"
28,"27",27,28,1,"1900-01-01 00:00:00",1,"1900-01-01 00:00:00"
29,"28",28,29,1,"1900-01-01 00:00:00",1,"1900-01-01 00:00:00"
30,"29",29,30,1,"1900-01-01 00:00:00",1,"1900-01-01 00:00:00"
31,"30",30,31,1,"1900-01-01 00:00:00",1,"1900-01-01 00:00:00"
32,"31",31,32,1,"1900-01-01 00:00:00",1,"1900-01-01 00:00:00"
33,"32",32,33,1,"1900-01-01 00:00:00",1,"1900-01-01 00:00:00"
34,"33",33,34,1,"1900-01-01 00:00:00",1,"1900-01-01 00:00:00"
35,"34",34,35,1,"1900-01-01 00:00:00",1,"1900-01-01 00:00:00"
36,"35",35,36,1,"1900-01-01 00:00:00",1,"1900-01-01 00:00:00"
37,"36",36,37,1,"1900-01-01 00:00:00",1,"1900-01-01 00:00:00"
38,"37",37,38,1,"1900-01-01 00:00:00",1,"1900-01-01 00:00:00"
39,"38",38,39,1,"1900-01-01 00:00:00",1,"1900-01-01 00:00:00"
40,"39",39,40,1,"1900-01-01 00:00:00",1,"1900-01-01 00:00:00"
41,"40",40,41,1,"1900-01-01 00:00:00",1,"1900-01-01 00:00:00"
42,"41",41,42,1,"1900-01-01 00:00:00",1,"1900-01-01 00:00:00"
43,"42",42,43,1,"1900-01-01 00:00:00",1,"1900-01-01 00:00:00"
44,"43",43,44,1,"1900-01-01 00:00:00",1,"1900-01-01 00:00:00"
45,"44",44,45,1,"1900-01-01 00:00:00",1,"1900-01-01 00:00:00"
46,"45",45,46,1,"1900-01-01 00:00:00",1,"1900-01-01 00:00:00"
47,"46",46,47,1,"1900-01-01 00:00:00",1,"1900-01-01 00:00:00"
48,"47",47,48,1,"1900-01-01 00:00:00",1,"1900-01-01 00:00:00"
49,"48",48,49,1,"1900-01-01 00:00:00",1,"1900-01-01 00:00:00"
50,"49",49,50,1,"1900-01-01 00:00:00",1,"1900-01-01 00:00:00"
51,"50",50,51,1,"1900-01-01 00:00:00",1,"1900-01-01 00:00:00"
52,"51",51,52,1,"1900-01-01 00:00:00",1,"1900-01-01 00:00:00"
53,"52",52,53,1,"1900-01-01 00:00:00",1,"1900-01-01 00:00:00"
54,"53",53,54,1,"1900-01-01 00:00:00",1,"1900-01-01 00:00:00"
55,"54",54,55,1,"1900-01-01 00:00:00",1,"1900-01-01 00:00:00"
56,"55",55,56,1,"1900-01-01 00:00:00",1,"1900-01-01 00:00:00"
57,"56",56,57,1,"1900-01-01 00:00:00",1,"1900-01-01 00:00:00"
58,"57",57,58,1,"1900-01-01 00:00:00",1,"1900-01-01 00:00:00"
59,"58",58,59,1,"1900-01-01 00:00:00",1,"1900-01-01 00:00:00"
60,"59",59,60,1,"1900-01-01 00:00:00",1,"1900-01-01 00:00:00"
61,"60",60,61,1,"1900-01-01 00:00:00",1,"1900-01-01 00:00:00"
62,"61",61,62,1,"1900-01-01 00:00:00",1,"1900-01-01 00:00:00"
63,"62",62,63,1,"1900-01-01 00:00:00",1,"1900-01-01 00:00:00"
64,"63",63,64,1,"1900-01-01 00:00:00",1,"1900-01-01 00:00:00"
65,"64",64,65,1,"1900-01-01 00:00:00",1,"1900-01-01 00:00:00"
66,"65",65,66,1,"1900-01-01 00:00:00",1,"1900-01-01 00:00:00"
67,"66",66,67,1,"1900-01-01 00:00:00",1,"1900-01-01 00:00:00"
68,"67",67,68,1,"1900-01-01 00:00:00",1,"1900-01-01 00:00:00"
69,"68",68,69,1,"1900-01-01 00:00:00",1,"1900-01-01 00:00:00"
70,"69",69,70,1,"1900-01-01 00:00:00",1,"1900-01-01 00:00:00"
71,"70",70,71,1,"1900-01-01 00:00:00",1,"1900-01-01 00:00:00"
72,"71",71,72,1,"1900-01-01 00:00:00",1,"1900-01-01 00:00:00"
73,"72",72,73,1,"1900-01-01 00:00:00",1,"1900-01-01 00:00:00"
74,"73",73,74,1,"1900-01-01 00:00:00",1,"1900-01-01 00:00:00"
75,"74",74,75,1,"1900-01-01 00:00:00",1,"1900-01-01 00:00:00"
76,"75",75,76,1,"1900-01-01 00:00:00",1,"1900-01-01 00:00:00"
77,"76",76,77,1,"1900-01-01 00:00:00",1,"1900-01-01 00:00:00"
78,"77",77,78,1,"1900-01-01 00:00:00",1,"1900-01-01 00:00:00"
79,"78",78,79,1,"1900-01-01 00:00:00",1,"1900-01-01 00:00:00"
80,"79",79,80,1,"1900-01-01 00:00:00",1,"1900-01-01 00:00:00"
81,"80",80,81,1,"1900-01-01 00:00:00",1,"1900-01-01 00:00:00"