id,value,display_order,last_modified_user_id,last_modified_date,created_user_id,created_date
1,"0",1,1,"1900-01-01 00:00:00",1,"1900-01-01 00:00:00"
2,"1",2,1,"1900-01-01 00:00:00",1,"1900-01-01 00:00:00"
3,"2",3,1,"1900-01-01 00:00:00",1,"1900-01-01 00:00:00"
4,"3",4,1,"1900-01-01 00:00:00",1,"1900-01-01 00:00:00"
5,"4",5,1,"1900-01-01 00:00:00",1,"1900-01-01 00:00:00"
6,"5",6,1,"1900-01-01 00:00:00",1,"1900-01-01 00:00:00"
7,"6",7,1,"1900-01-01 00:00:00",1,"1900-01-01 00:00:00"
8,"7",8,1,"1900-01-01 00:00:00",1,"1900-01-01 00:00:00"
9,"8",9,1,"1900-01-01 00:00:00",1,"1900-01-01 00:00:00"
10,"9",10,1,"1900-01-01 00:00:00",1,"1900-01-01 00:00:00"
11,"10",11,1,"1900-01-01 00:00:00",1,"1900-01-01 00:00:00"
12,"11",12,1,"1900-01-01 00:00:00",1,"1900-01-01 00:00:00"
13,"12",13,1,"1900-01-01 00:00:00",1,"1900-01-01 00:00:00"
14,"13",14,1,"1900-01-01 00:00:00",1,"1900-01-01 00:00:00"
15,"14",15,1,"1900-01-01 00:00:00",1,"1900-01-01 00:00:00"
16,"15",16,1,"1900-01-01 00:00:00",1,"1900-01-01 00:00:00"
17,"16",17,1,"1900-01-01 00:00:00",1,"1900-01-01 00:00:00"
18,"17",18,1,"1900-01-01 00:00:00",1,"1900-01-01 00:00:00"
19,"18",19,1,"1900-01-01 00:00:00",1,"1900-01-01 00:00:00"
20,"19",20,1,"1900-01-01 00:00:00",1,"1900-01-01 00:00:00"
21,"20",21,1,"1900-01-01 00:00:00",1,"1900-01-01 00:00:00"