id,name,last_modified_user_id,last_modified_date,created_user_id,created_date,position,workflow_id
1,"Default",1,"1900-01-01 00:00:00",1,"1900-01-01 00:00:00",1,1
2,"Nurse",1,"1900-01-01 00:00:00",1,"1900-01-01 00:00:00",1,2
3,"Nurse",1,"1900-01-01 00:00:00",1,"1900-01-01 00:00:00",1,3
4,"Nurse",1,"1900-01-01 00:00:00",1,"1900-01-01 00:00:00",1,4
5,"Default",1,"1900-01-01 00:00:00",1,"1900-01-01 00:00:00",1,5
6,"Nurse",1,"1900-01-01 00:00:00",1,"1900-01-01 00:00:00",1,6
7,"Nurse",1,"1900-01-01 00:00:00",1,"1900-01-01 00:00:00",1,7
8,"Optometrist",1,"1900-01-01 00:00:00",1,"1900-01-01 00:00:00",2,3
9,"Consultant",1,"1900-01-01 00:00:00",1,"1900-01-01 00:00:00",3,3
10,"Consultant",1,"1900-01-01 00:00:00",1,"1900-01-01 00:00:00",2,2
11,"Consultant",1,"1900-01-01 00:00:00",1,"1900-01-01 00:00:00",2,4
12,"Optometrist",1,"1900-01-01 00:00:00",1,"1900-01-01 00:00:00",2,6
13,"Consultant",1,"1900-01-01 00:00:00",1,"1900-01-01 00:00:00",3,6
14,"Consultant",1,"1900-01-01 00:00:00",1,"1900-01-01 00:00:00",2,7
15,"Nurse",1,"1900-01-01 00:00:00",1,"1900-01-01 00:00:00",1,8
16,"Consultant",1,"1900-01-01 00:00:00",1,"1900-01-01 00:00:00",2,8